grid_id,center_lng,center_lat,demand_intensity,local_I,lisa_p,lisa_quad
4338,109.06559577830228,34.28126595564285,0.4223362047132314,0.4554792019317411,0.9,0
554,108.98001019271685,34.34658127095824,0.4003560764826228,-0.9731509035753585,0.7,0
3689,108.826857039564,34.29027496465187,0.3868662593913577,3.9044638846664883,0.05,1
5752,108.817848030555,34.25423892861579,0.3723127588084978,8.739154526623926,0.02,1
5630,108.817848030555,34.25649118086804,0.3612384013334593,8.522632026283569,0.01,1
581,109.04082100352754,34.34658127095824,0.3276917688941013,-0.507126127342812,0.66,0
1859,108.96649667920336,34.32180649618344,0.3213990248656843,0.9769355261117165,0.54,0
7365,109.05208226478878,34.22495964933647,0.3120236899810664,2.8103790231715484,0.06,0
4459,109.03856875127528,34.27901370339059,0.3078446626853213,-0.27469977235181836,0.89,0
2997,108.81109127379824,34.30153622591314,0.2908843368214694,0.8454625629679559,0.49,0
6483,108.86739758010444,34.24072541510226,0.2902425001641653,1.45057127911952,0.27,0
3551,108.82460478731174,34.29252721690412,0.2889718436079784,3.4828469984694266,0.03,1
3838,108.85388406659096,34.28802271239961,0.2876344326866071,-1.1963374614575593,0.39,0
5753,108.82010028280725,34.25423892861579,0.2778301942286779,6.194146787855876,0.01,1
6607,108.88766785037468,34.23847316285,0.2764907610329009,-0.6717793519475116,0.62,0
7203,108.94172190442865,34.22721190158873,0.2760174410182116,1.6313099848898214,0.15,0
5354,109.03181199451856,34.26324793762481,0.2744901230854916,-0.1726015450410114,0.92,0
8007,109.00928947199608,34.21144613582294,0.2647900033165498,1.377130532462335,0.23,0
6842,108.89892911163592,34.23396865834549,0.2580984807344851,-0.6907073548243272,0.58,0
6598,108.86739758010444,34.23847316285,0.2569354152870137,0.9148661252955906,0.44,0
5631,108.82010028280725,34.25649118086804,0.2554105525701954,5.562430691834018,0.01,1
3275,108.82010028280725,34.29703172140863,0.2530686340777323,2.597461815754952,0.04,1
7170,108.86739758010444,34.22721190158873,0.2488471392002344,-1.623488182086487,0.09,0
4127,108.89442460713144,34.2835182078951,0.2485460741357156,0.8904927337014841,0.42,0
6345,108.817848030555,34.24297766735451,0.2461308425195542,0.9337805615735527,0.33,0
4339,109.06784803055452,34.28126595564285,0.2459043587025967,1.5090824807315295,0.19,0
7481,108.80658676929376,34.22045514483196,0.2458989083288089,0.1866461493791332,0.86,0
5234,109.04532550803204,34.26550018987706,0.2448368613270346,0.8053389235406688,0.47,0
1342,108.94172190442865,34.33081550519246,0.2433641341403911,0.052479085264907584,0.96,0
4858,109.05433451704104,34.27225694663383,0.2426125693247094,1.4146990466624354,0.16,0
3548,108.817848030555,34.29252721690412,0.2415858532752038,-0.004819742305482775,1.0,0
6344,108.81559577830276,34.24297766735451,0.2340432122823278,1.2129917949898867,0.16,0
7252,109.05208226478878,34.22721190158873,0.2332119165425818,2.931558608933274,0.03,1
6571,108.80658676929376,34.23847316285,0.2301989908707453,0.16125829540413963,0.88,0
8466,108.94622640893311,34.20018487456167,0.2289344901140695,-1.3265145384328119,0.09,0
7471,109.03631649902304,34.22270739708422,0.2289106902999272,0.40736349185603066,0.66,0
7316,108.94172190442865,34.22495964933647,0.228351390431852,1.7559227180641692,0.04,1
6599,108.8696498323567,34.23847316285,0.227056610270628,0.9205882804628481,0.24,0
7364,109.04983001253652,34.22495964933647,0.2233767630191187,2.759288425283246,0.01,1
7317,108.94397415668088,34.22495964933647,0.2186610031948001,1.6702273666677432,0.04,1
3055,108.94172190442865,34.30153622591314,0.2145327206635991,-0.10141529794837618,0.83,0
3445,108.89442460713144,34.29477946915638,0.213280568885352,0.2585135483514222,0.77,0
863,108.94172190442865,34.33982451420148,0.2028464603527649,0.39483919134919776,0.59,0
4947,108.9687489314556,34.27000469438157,0.202359776152692,-0.48335850353858484,0.41,0
2658,108.9687489314556,34.30829298266991,0.2020248713166214,0.37618512822463906,0.59,0
7228,108.99802821073484,34.22721190158873,0.2020061194886712,0.3680752431968322,0.64,0
7541,108.94172190442865,34.22045514483196,0.2016356135305375,1.7459294403781085,0.02,1
2122,108.9687489314556,34.31730199167893,0.1997617915108048,0.9163773030033912,0.18,0
1250,109.00928947199608,34.33306775744471,0.1992118846914681,-0.14625426833412042,0.8,0
7672,108.9867669494736,34.21820289257971,0.1975084402631354,-0.27208399987135984,0.72,0
3989,108.88766785037468,34.28577046014736,0.1961524372571188,0.35578202611391097,0.66,0
4126,108.89217235487918,34.2835182078951,0.1953874652931304,1.7702328550335016,0.03,1
4987,109.05883902154552,34.27000469438157,0.1951131940014898,0.5500674440997247,0.36,0
1925,108.8223525350595,34.31955424393118,0.1943485487678665,-0.1024177610571097,0.89,0
745,108.93271289541964,34.34207676645373,0.1943371721617428,-0.23139887776877527,0.73,0
1296,108.83811830082524,34.33081550519246,0.1932891919922663,0.3520744146763826,0.56,0
864,108.94397415668088,34.33982451420148,0.1909157092908146,0.46716729835453796,0.42,0
7363,109.04757776028428,34.22495964933647,0.1896433695396981,1.870290358310008,0.01,1
859,108.93271289541964,34.33982451420148,0.1895578771441728,0.012169239769043627,0.99,0
1174,108.83811830082524,34.33306775744471,0.1891842754965557,0.06447553588898518,0.9,0
7440,108.96649667920336,34.22270739708422,0.1877695665482254,-0.6605553893647871,0.23,0
8528,108.89892911163592,34.19793262230941,0.1873659710247946,-0.5907286658394987,0.28,0
6343,108.8133435260505,34.24297766735451,0.1861796380431787,1.0049697173531629,0.07,0
3858,108.89892911163592,34.28802271239961,0.1856123227547449,0.2698404391550092,0.67,0
3856,108.89442460713144,34.28802271239961,0.1842547862066236,0.0025413378373563334,1.0,0
6047,108.94172190442865,34.24973442411128,0.1799858786970275,-0.2156151518419829,0.68,0
1979,108.94397415668088,34.31955424393118,0.179665693268871,0.028569540330953984,0.93,0
5508,108.82010028280725,34.2587434331203,0.1792599357119171,2.949504263068072,0.01,1
7579,109.02730749001404,34.22045514483196,0.1792175413580844,-0.1729718909501652,0.76,0
7358,109.03631649902304,34.22495964933647,0.1789800215381452,0.5525714296482943,0.25,0
8094,108.9687489314556,34.20919388357069,0.1789199689382867,-0.7183904774284168,0.15,0
4728,109.05208226478878,34.27450919888608,0.1786478902227876,0.9424357401311144,0.03,1
4128,108.89667685938367,34.2835182078951,0.1786238120039009,0.6247009519035344,0.2,0
2647,108.94397415668088,34.30829298266991,0.1773926148920908,-0.012596301242686236,0.98,0
4337,109.06334352605002,34.28126595564285,0.1764635176971134,1.0901951543012782,0.02,1
7475,109.04532550803204,34.22270739708422,0.1759147727479043,0.19844807475504378,0.65,0
3412,108.82010028280725,34.29477946915638,0.1758257533204193,1.4777522576297153,0.01,1
3467,108.94397415668088,34.29477946915638,0.1751625945605275,0.13091524032914909,0.78,0
7899,109.00703721974382,34.2136983880752,0.1742250899289008,1.1092286107485716,0.02,1
7582,109.0340642467708,34.22045514483196,0.1738357823026144,0.5739151796589727,0.22,0
8058,108.88766785037468,34.20919388357069,0.1737715694463454,-0.3349246769688219,0.47,0
5281,108.86739758010444,34.26324793762481,0.1728813572793071,-0.42083499092456667,0.35,0
5315,108.94397415668088,34.26324793762481,0.1723330105736578,-0.005538288589334435,0.99,0
862,108.93946965217638,34.33982451420148,0.1722643152216167,0.7048647313205164,0.13,0
8105,108.99352370623032,34.20919388357069,0.171832831161078,-0.4425235026823131,0.32,0
2940,108.99127145397809,34.3037884781654,0.1716273102647505,-0.3055775340407939,0.48,0
1466,108.94172190442865,34.3285632529402,0.1714279382897372,0.14454512153825308,0.74,0
4178,109.00928947199608,34.2835182078951,0.1704285582271649,-0.4850364106031549,0.16,0
3549,108.82010028280725,34.29252721690412,0.169123846650244,0.9369575702610188,0.05,1
4597,109.05208226478878,34.27676145113834,0.1675994921297565,0.7976511100728921,0.08,0
3329,108.94172190442865,34.29703172140863,0.1671838271512439,0.20827209957646328,0.63,0
4125,108.88992010262692,34.2835182078951,0.1663832491127056,0.9551655523376956,0.03,1
6996,108.98901920172584,34.23171640609324,0.1643462817872557,-0.23353224601106767,0.48,0
7900,109.00928947199608,34.2136983880752,0.1643035951728018,0.9685070796819402,0.01,1
3784,109.04082100352754,34.29027496465187,0.1642815556975233,-0.0007748841818509538,1.0,0
8006,109.00703721974382,34.21144613582294,0.1626710717808985,0.772130814477487,0.05,1
1110,108.96649667920336,34.33532000969697,0.1608508924939823,-0.22850656305460393,0.6,0
6404,108.95073091343762,34.24297766735451,0.1608127703385546,-0.24105420104885786,0.55,0
4591,109.03856875127528,34.27676145113834,0.1600603261064671,0.43492393429204956,0.28,0
2465,108.83811830082524,34.31054523492216,0.1595465058724173,0.08311953719562533,0.82,0
1251,109.01154172424832,34.33306775744471,0.1594490635100675,0.026661251333620326,0.93,0
1683,108.86064082334772,34.32405874843569,0.1586670120017294,-0.33394644890687164,0.33,0
7190,108.9124426251494,34.22721190158873,0.1584148992236065,-0.5649052924881515,0.07,0
6690,108.81559577830276,34.23622091059775,0.1581113271325088,-0.2457740805962138,0.39,0
6861,108.94172190442865,34.23396865834549,0.1578454059469849,0.7794610081937646,0.03,1
8260,108.88541559812244,34.20468937906618,0.1578001087650849,-0.26422615007369304,0.51,0
5977,109.05208226478878,34.25198667636353,0.1572975877832682,0.18156710722960076,0.59,0
2996,108.808839021546,34.30153622591314,0.1563850444489418,0.1310138296682481,0.69,0
980,108.94172190442865,34.33757226194922,0.1538374684015919,0.4544991347927942,0.11,0
7566,108.99802821073484,34.22045514483196,0.1533944138896538,0.0751916830410831,0.86,0
3146,108.83811830082524,34.29928397366089,0.1532912014272852,1.176376839351236,0.01,1
6605,108.8831633458702,34.23847316285,0.1525627249896783,0.09027869123006298,0.84,0
482,109.0340642467708,34.3488335232105,0.1520880936372613,0.29628400471722527,0.24,0
6384,108.90568586839268,34.24297766735451,0.1519985877087546,-0.22872300048799254,0.44,0
1044,108.817848030555,34.33532000969697,0.1511670784986305,-0.35505987401834943,0.22,0
5602,109.03181199451856,34.2587434331203,0.1505575001379387,0.4183981525836006,0.19,0
1978,108.94172190442865,34.31955424393118,0.1504880525301399,0.08168534703352531,0.87,0
2121,108.96649667920336,34.31730199167893,0.1501680227797851,0.5528578513190554,0.07,0
3839,108.8561363188432,34.28802271239961,0.1501041712417586,0.11318012431129658,0.68,0
5413,108.88541559812244,34.26099568537255,0.1499317750842079,-0.32003218350736357,0.27,0
8586,108.85163181433872,34.19568037005716,0.1494679282388271,-0.38247881812690815,0.13,0
7429,108.94172190442865,34.22270739708422,0.1493223568597179,0.7584072693392907,0.02,1
5440,108.94622640893311,34.26099568537255,0.1490769592847535,0.059839741565921666,0.83,0
3447,108.89892911163592,34.29477946915638,0.148084354037598,0.1379276382077392,0.62,0
4957,108.99127145397809,34.27000469438157,0.1475725719818437,-0.21686443423763155,0.53,0
3448,108.90118136388816,34.29477946915638,0.1473151994469643,0.22736972967965782,0.35,0
4594,109.04532550803204,34.27676145113834,0.1470426393647496,0.3266020602746329,0.2,0
5240,109.05883902154552,34.26550018987706,0.1469321905872647,0.26119044383218903,0.36,0
8452,108.91469487740166,34.20018487456167,0.1468463055478816,-0.01964505149446194,0.92,0
8592,108.8651453278522,34.19568037005716,0.1459558536709176,-0.0885465629123802,0.74,0
3857,108.89667685938367,34.28802271239961,0.1449360333982982,0.29700663771165103,0.22,0
1802,108.83811830082524,34.32180649618344,0.1445288371851978,0.07067222562892782,0.81,0
4124,108.88766785037468,34.2835182078951,0.1437286894464574,0.41259082000608815,0.05,1
943,108.85838857109546,34.33757226194922,0.1436990023632226,-0.1099764492902385,0.65,0
1053,108.83811830082524,34.33532000969697,0.142376528532422,0.11015795825377725,0.64,0
5967,109.0295597422663,34.25198667636353,0.1423214361248028,-0.13546311267907651,0.61,0
8304,108.98451469722134,34.20468937906618,0.1417417863483355,-0.16651836608111545,0.48,0
8033,108.83136154406849,34.20919388357069,0.1415763686429831,-0.25711071392188267,0.32,0
6031,108.90568586839268,34.24973442411128,0.1412272701957149,-0.20045491606288426,0.33,0
2668,108.99127145397809,34.30829298266991,0.141188234346896,-0.09798687512931133,0.55,0
874,108.96649667920336,34.33982451420148,0.1407496453270222,-0.053802369580931514,0.78,0
6575,108.81559577830276,34.23847316285,0.1405706971057478,0.14454618987029133,0.58,0
7659,108.95748767019435,34.21820289257971,0.1405557958081647,-0.15185766800964945,0.49,0
1794,108.82010028280725,34.32180649618344,0.1404270329784101,-0.04584499218345481,0.82,0
8555,108.95973992244662,34.19793262230941,0.1403338780451857,0.07585737938397444,0.68,0
2783,108.94397415668088,34.30604073041765,0.1400877705333225,0.087488036210271,0.65,0
5355,109.0340642467708,34.26324793762481,0.1398167651484482,0.2075656341181005,0.38,0
2054,108.81559577830276,34.31730199167893,0.1394268681065085,-0.006227435643288464,0.96,0
3795,109.06559577830228,34.29027496465187,0.1393647107042368,-0.2554225336682147,0.21,0
3449,108.90343361614042,34.29477946915638,0.1390735462384366,0.1909185221886819,0.33,0
3853,108.88766785037468,34.28802271239961,0.1390647312792153,0.10371836948749633,0.65,0
7898,109.00478496749156,34.2136983880752,0.1386846408111616,0.5081897713546105,0.04,1
1848,108.94172190442865,34.32180649618344,0.1382617107983671,0.08852333371149629,0.71,0
4002,108.9169471296539,34.28577046014736,0.1377940882250148,-0.29145638552240793,0.11,0
5384,108.82010028280725,34.26099568537255,0.1374839151790996,1.263038259631811,0.01,1
8594,108.8696498323567,34.19568037005716,0.1366794204330854,0.010859223854547828,0.97,0
1483,108.98001019271685,34.3285632529402,0.1364621333195015,-0.07352615305345271,0.77,0
1221,108.94397415668088,34.33306775744471,0.1362679932023123,0.21332158486991923,0.32,0
1359,108.98001019271685,34.33081550519246,0.1362062677157756,-0.09443563807068918,0.72,0
3849,108.87865884136568,34.28802271239961,0.1352436242507915,0.11589378949069391,0.56,0
8135,108.82910929181624,34.20694163131843,0.135232935234835,-0.19724139736893864,0.35,0
214,108.99352370623032,34.35559027996726,0.1341338251704403,0.20957694395733617,0.24,0
582,109.0430732557798,34.34658127095824,0.1336104038847527,0.1729054241109119,0.34,0
7870,108.94172190442865,34.2136983880752,0.1335844751605293,-0.021059993669661322,0.93,0
4438,108.99127145397809,34.27901370339059,0.1334184233264882,-0.19782578819330945,0.26,0
3552,108.826857039564,34.29252721690412,0.1333652825407624,0.6629299585287076,0.01,1
7245,109.03631649902304,34.22721190158873,0.1329960059693669,0.2449502624336159,0.06,0
7791,109.00703721974382,34.21595064032745,0.132972860771842,0.45369122023387065,0.04,1
3107,109.05883902154552,34.30153622591314,0.1322544572746985,-0.16578117049875382,0.29,0
6727,108.89892911163592,34.23622091059775,0.1320491509097994,0.09274780244117395,0.53,0
8593,108.86739758010444,34.19568037005716,0.1309972467069347,-0.01882907848411984,0.91,0
7792,109.00928947199608,34.21595064032745,0.1309478343668497,0.4167355585360099,0.04,1
5774,108.86739758010444,34.25423892861579,0.130931639709655,-0.14161302066257847,0.43,0
3865,108.91469487740166,34.28802271239961,0.1306403447609107,-0.07724952919143013,0.63,0
3877,108.94172190442865,34.28802271239961,0.1299572387355611,-0.07590417490421826,0.61,0
3684,108.81559577830276,34.29027496465187,0.1297640932790877,0.12213172378184356,0.44,0
6283,108.94172190442865,34.24522991960677,0.1295848171435185,-0.049328879156169195,0.75,0
2330,108.83811830082524,34.31279748717442,0.1293798295253359,0.03569982398757182,0.8,0
6574,108.8133435260505,34.23847316285,0.1292822374526506,0.2092552212761536,0.14,0
6337,108.79983001253702,34.24297766735451,0.1291980359690204,0.1340655593489881,0.37,0
7944,108.86739758010444,34.21144613582294,0.1291472360015263,-0.22573315513027492,0.11,0
3446,108.89667685938367,34.29477946915638,0.1287242619608658,0.08871289138248144,0.66,0
2389,108.97100118370786,34.31279748717442,0.1286309614372052,0.14558630944450082,0.3,0
3837,108.85163181433872,34.28802271239961,0.1284258561396651,0.07498373200538418,0.62,0
4857,109.05208226478878,34.27225694663383,0.1284104879224302,0.306539846012559,0.03,1
4949,108.9732534359601,34.27000469438157,0.1283684844414546,-0.07147252213283914,0.63,0
1658,108.80433451704153,34.32405874843569,0.128065047580864,-0.15545111692069066,0.28,0
2859,108.808839021546,34.3037884781654,0.128028995196834,0.08007967755970714,0.6,0
7853,108.90343361614042,34.2136983880752,0.127586907993138,-0.26231828100362065,0.06,0
6869,108.95973992244662,34.23396865834549,0.127567131694063,-0.16277394541843923,0.22,0
3859,108.90118136388816,34.28802271239961,0.1270065899548812,0.11737481722880146,0.37,0
1792,108.81559577830276,34.32180649618344,0.1267767350280621,-0.0979766150421761,0.47,0
6143,108.88992010262692,34.24748217185902,0.1262268150960069,0.02488366682804988,0.82,0
1249,109.00703721974382,34.33306775744471,0.1262093598378273,0.038966494281281946,0.77,0
7310,108.92820839091516,34.22495964933647,0.1261215772640566,-0.15863130101702858,0.17,0
1916,108.80208226478926,34.31955424393118,0.1261006200975619,-0.08406351266572776,0.42,0
1804,108.84262280532973,34.32180649618344,0.1257083041454802,0.07204563416302345,0.46,0
1168,108.82460478731174,34.33306775744471,0.1257061415247861,-0.06895711705802264,0.52,0
4881,108.82010028280725,34.27000469438157,0.1254737000922015,0.021098643828177388,0.89,0
4379,108.85838857109546,34.27901370339059,0.1254603448679695,-0.13701229611760507,0.24,0
5564,108.94622640893311,34.2587434331203,0.1252997630871346,0.02866277977864144,0.84,0
8509,108.8561363188432,34.19793262230941,0.1251804962429888,-0.11023263974340597,0.37,0
6841,108.89667685938367,34.23396865834549,0.1246047486433879,0.03936354134515012,0.79,0
4595,109.04757776028428,34.27676145113834,0.1243174335406214,0.1212079753167203,0.26,0
7137,109.04983001253652,34.22946415384098,0.124292005712341,0.43558700021537256,0.01,1
5114,109.05883902154552,34.26775244212932,0.1242751562238396,0.1252813365217617,0.24,0
6495,108.89442460713144,34.24072541510226,0.1242428607748044,-0.1098174163450298,0.27,0
3971,108.84712730983422,34.28577046014736,0.1239503788311888,0.00021381592129588478,1.0,0
1659,108.80658676929376,34.32405874843569,0.1237445828398309,-0.11574449717183527,0.23,0
4834,109.00028046298708,34.27225694663383,0.1231764320161299,-0.06794266434430833,0.42,0
620,108.89892911163592,34.34432901870599,0.1231518364541906,-0.12145642824703708,0.24,0
1177,108.84487505758196,34.33306775744471,0.1229672147291995,0.055700133379422624,0.59,0
6439,109.0295597422663,34.24297766735451,0.1226146131315136,-0.05787853550654031,0.55,0
5955,109.00253271523933,34.25198667636353,0.1226135600831894,-0.09401935896981282,0.39,0
4911,108.88766785037468,34.27000469438157,0.1225223075731443,-0.0354602014418381,0.76,0
6972,108.93496514767187,34.23171640609324,0.1224290609020531,0.1511079821597886,0.12,0
7131,109.03631649902304,34.22946415384098,0.1218804362427849,0.15968360387485447,0.08,0
4465,109.05208226478878,34.27901370339059,0.1218652030286849,0.06309943994346581,0.46,0
7423,108.92820839091516,34.22270739708422,0.1216350185752985,-0.06064623637339241,0.52,0
1730,108.96649667920336,34.32405874843569,0.1213039644803252,0.18432708452269883,0.04,1
6132,108.8651453278522,34.24748217185902,0.1212030108352697,0.028511794598027676,0.75,0
6613,108.90118136388816,34.23847316285,0.1210628495771808,0.049401162658690274,0.56,0
8445,108.89892911163592,34.20018487456167,0.1210114426629088,-0.08918273234143975,0.17,0
4290,108.95748767019435,34.28126595564285,0.12077768764766,-0.1249850153331606,0.1,0
1888,109.03181199451856,34.32180649618344,0.120757522647727,-0.14808478442032802,0.11,0
4820,108.9687489314556,34.27225694663383,0.1206825021594321,-0.016638833265158758,0.87,0
7329,108.97100118370786,34.22495964933647,0.1206505272827092,-0.06295298610818459,0.43,0
6408,108.95973992244662,34.24297766735451,0.1202221859776431,-0.036122741418073,0.71,0
2406,109.00928947199608,34.31279748717442,0.1201712284958051,-0.10235318782358979,0.15,0
3991,108.89217235487918,34.28577046014736,0.120041875578748,0.2175768851535814,0.03,1
6728,108.90118136388816,34.23622091059775,0.1200299507869514,0.04116537422681524,0.63,0
8285,108.94172190442865,34.20468937906618,0.1199955659371675,-0.01825450613099317,0.82,0
1603,108.96649667920336,34.32631100068795,0.1199947421295731,0.06887487990439689,0.37,0
1556,108.86064082334772,34.32631100068795,0.1199679270656146,-0.048690404678825065,0.56,0
4895,108.85163181433872,34.27000469438157,0.1197815142095555,-0.05417284848131172,0.53,0
8599,108.88091109361794,34.19568037005716,0.1196040885167715,0.010809605519002823,0.87,0
717,108.8696498323567,34.34207676645373,0.1193027210552821,-0.02676709223679806,0.78,0
4831,108.99352370623032,34.27225694663383,0.1192515044621725,-0.01892220124370625,0.81,0
3990,108.88992010262692,34.28577046014736,0.1189394733869491,0.12008065869494666,0.07,0
3850,108.88091109361794,34.28802271239961,0.1184700930040898,0.048291384665677804,0.54,0
5438,108.94172190442865,34.26099568537255,0.1182548415880144,0.021865768711884642,0.74,0
1932,108.83811830082524,34.31955424393118,0.1182488937634114,0.026292999996733377,0.54,0
4246,108.85838857109546,34.28126595564285,0.1180302703728556,-0.03650812215571559,0.57,0
1667,108.82460478731174,34.32405874843569,0.1177741802969033,-0.002065406256929533,0.96,0
74,108.9259561386629,34.36009478447177,0.1177291995220973,-0.08598261021561794,0.2,0
5968,109.03181199451856,34.25198667636353,0.1176134859816992,-0.02877349874847843,0.7,0
5415,108.88992010262692,34.26099568537255,0.11753437561469,-0.048940695934160845,0.34,0
265,108.94397415668088,34.35333802771501,0.1169430403499995,-0.07754895861683397,0.11,0
5358,109.04082100352754,34.26324793762481,0.1169419962783592,0.08828429255644171,0.1,0
2386,108.96424442695113,34.31279748717442,0.1168790931821814,0.06338643991073184,0.2,0
991,108.96649667920336,34.33757226194922,0.1164456453229657,-0.017618509632882324,0.76,0
5187,108.93946965217638,34.26550018987706,0.1162041534535156,-0.01223525756871522,0.86,0
329,108.89667685938367,34.35108577546275,0.1159865576509508,-0.0539157971008228,0.26,0
4494,108.82010028280725,34.27676145113834,0.1156241414465018,-0.030936325944906074,0.48,0
1482,108.9777579404646,34.3285632529402,0.1153778806001199,-0.010577949774438492,0.82,0
2580,108.79307325578029,34.30829298266991,0.1149015788686005,0.049859066487435065,0.21,0
4902,108.86739758010444,34.27000469438157,0.1148886128400294,0.00706109237239471,0.91,0
8204,108.98451469722134,34.20694163131843,0.1148264174238467,-0.04675837907321737,0.17,0
4362,108.82010028280725,34.27901370339059,0.1147900296145704,-0.01626521354297333,0.75,0
6342,108.81109127379824,34.24297766735451,0.1145769978753884,0.0660817903751487,0.05,1
5460,108.99127145397809,34.26099568537255,0.114389715748181,-0.04183514534727898,0.19,0
4437,108.98901920172584,34.27901370339059,0.1142873013301808,-0.028820162043909275,0.3,0
1007,109.00253271523933,34.33757226194922,0.1141722130301075,0.00802528334522079,0.86,0
7359,109.03856875127528,34.22495964933647,0.1140794626471466,0.06013302707232318,0.1,0
2405,109.00703721974382,34.31279748717442,0.1137624624457764,-0.021523613721140766,0.47,0
5772,108.86289307559996,34.25423892861579,0.1135735079881855,-0.017933181158092754,0.54,0
6412,108.9687489314556,34.24297766735451,0.1133900142292212,-0.03458355503167453,0.23,0
5431,108.9259561386629,34.26099568537255,0.1132712572519496,-0.0255079788868697,0.39,0
1252,109.01379397650057,34.33306775744471,0.1129046715248814,0.0038072026395547594,0.91,0
3688,108.82460478731174,34.29027496465187,0.112901690637213,0.07673894166573741,0.02,1
5749,108.81109127379824,34.25423892861579,0.1127454133119565,0.12816703739664803,0.01,1
6832,108.87640658911344,34.23396865834549,0.1127366871898437,-0.014081172243886445,0.57,0
7295,108.89442460713144,34.22495964933647,0.1123011796321645,-0.0318539921418393,0.06,0
2385,108.96199217469886,34.31279748717442,0.1122385259981527,0.02363143702426391,0.15,0
5437,108.93946965217638,34.26099568537255,0.1122295656627805,-0.0033663374465001256,0.84,0
1248,109.00478496749156,34.33306775744471,0.1120661926961515,0.0031234189117060832,0.88,0
3852,108.88541559812244,34.28802271239961,0.1120523105627963,0.012022700613965034,0.57,0
8670,108.8696498323567,34.1934281178049,0.1118028556241466,0.0015007834716692895,0.9,0
6290,108.95748767019435,34.24522991960677,0.1116046365431794,-0.009257144626018522,0.52,0
1183,108.85838857109546,34.33306775744471,0.1115224340082311,-0.0019431261693408628,0.89,0
5374,108.79757776028475,34.26099568537255,0.1113593894308404,0.012110725623040074,0.25,0
1462,108.93271289541964,34.3285632529402,0.1113528545848773,0.0035648672216494846,0.86,0
4643,108.86064082334772,34.27450919888608,0.1113517367592626,-0.0029497893900341542,0.87,0
450,108.96199217469886,34.3488335232105,0.111193263818581,-0.006034276873776941,0.64,0
5733,109.04983001253652,34.25649118086804,0.1110418276954088,0.006757001556206168,0.58,0
5280,108.8651453278522,34.26324793762481,0.11099357790494,-0.0029325359371163914,0.81,0
4719,109.03181199451856,34.27450919888608,0.1107173689456847,0.009613536239950786,0.23,0
5378,108.80658676929376,34.26099568537255,0.1106169233978832,0.010424481677393094,0.13,0
7185,108.90118136388816,34.22721190158873,0.1105420921420115,0.0022949416054141567,0.72,0
8596,108.8741543368612,34.19568037005716,0.1105366027040967,0.00010672667053642752,1.0,0
5314,108.94172190442865,34.26324793762481,0.1103382183743911,0.002422059275884739,0.64,0
647,108.95973992244662,34.34432901870599,0.1101652071725499,-0.0006158261335656289,0.85,0
742,108.9259561386629,34.34207676645373,0.1101210115239963,0.0007611124448961404,0.87,0
2131,108.98901920172584,34.31730199167893,0.1099816976852454,-0.000742267294304525,0.84,0
8456,108.92370388641064,34.20018487456167,0.1099718878796223,-0.0021816816607824006,0.4,0
5210,108.99127145397809,34.26550018987706,0.1099422428649532,-0.0007360090196202635,0.8,0
7482,108.808839021546,34.22045514483196,0.1099306185222201,0.00018042074785538665,0.95,0
3244,109.05883902154552,34.29928397366089,0.1098540365188621,-0.001025134688197942,0.51,0
6166,108.94172190442865,34.24748217185902,0.1096641476302479,-3.906077727702454e-05,0.94,0
4775,108.86739758010444,34.27225694663383,0.1096444254136328,6.863673427990187e-05,0.83,0
6135,108.87190208460896,34.24748217185902,0.1095942356146441,5.2795234408249774e-05,0.34,0
4942,108.95748767019435,34.27000469438157,0.1095899604605552,0.00012252825989951408,0.13,0
1741,108.99127145397809,34.32405874843569,0.1092947944512031,0.00044687884411409524,0.85,0
8669,108.86739758010444,34.1934281178049,0.1092488291554492,-0.0005284568940384728,0.83,0
2958,109.03181199451856,34.3037884781654,0.1090897023855435,0.007614220605976436,0.1,0
8123,109.0340642467708,34.20919388357069,0.1089050102607507,0.003630090665336075,0.43,0
4292,108.96199217469886,34.28126595564285,0.1088336366783573,0.007528700637880738,0.17,0
576,109.0295597422663,34.34658127095824,0.1087809824945876,-0.005120949327159641,0.45,0
6587,108.84262280532973,34.23847316285,0.1086674194385044,0.012152446132768517,0.1,0
3844,108.86739758010444,34.28802271239961,0.1080934533503442,-0.013216480427712013,0.25,0
7397,108.8696498323567,34.22270739708422,0.1079262606950193,0.0048396710464047865,0.68,0
1990,108.9687489314556,34.31955424393118,0.1078307027164706,-0.026171747654190638,0.05,2
3466,108.94172190442865,34.29477946915638,0.1077768520694796,0.002181747118131184,0.9,0
1485,108.98451469722134,34.3285632529402,0.1077219711160788,-7.236373276539759e-05,0.99,0
5954,109.00028046298708,34.25198667636353,0.1075995736407211,0.01212198968483845,0.39,0
622,108.90343361614042,34.34432901870599,0.1075746389943784,0.013110293645463471,0.3,0
748,108.93946965217638,34.34207676645373,0.1073601077151661,-0.03576510789665803,0.04,2
7690,109.02730749001404,34.21820289257971,0.1072221528996857,-0.0034245295037594516,0.87,0
1565,108.88091109361794,34.32631100068795,0.1071234320376298,0.014577072642052045,0.51,0
5900,108.87865884136568,34.25198667636353,0.1070975567841173,0.02139136248800323,0.24,0
7362,109.04532550803204,34.22495964933647,0.106970257136163,-0.056267708455815836,0.01,2
618,108.89442460713144,34.34432901870599,0.1067694084789458,0.015362099670449122,0.46,0
7689,109.0250552377618,34.21820289257971,0.1067404569728301,-0.004192769742016638,0.83,0
7985,108.95973992244662,34.21144613582294,0.1062786636634876,0.01665785732601406,0.49,0
6390,108.91919938190615,34.24297766735451,0.106250725009983,0.014054397059886587,0.63,0
4441,108.99802821073484,34.27901370339059,0.1062381470096652,0.01730533469452053,0.5,0
7226,108.99352370623032,34.22721190158873,0.1060272917474424,-0.035166357813860044,0.18,0
6828,108.86739758010444,34.23396865834549,0.1060167650196239,-0.012080450253239564,0.68,0
5373,108.79532550803252,34.26099568537255,0.1057943018031892,0.02075518380785165,0.51,0
8136,108.83136154406849,34.20694163131843,0.1056176599292699,0.024231363798758558,0.27,0
4830,108.99127145397809,34.27225694663383,0.1055989344236664,0.006810870739197335,0.9,0
5685,108.94172190442865,34.25649118086804,0.1053431382580991,0.011420348822346176,0.75,0
5771,108.86064082334772,34.25423892861579,0.105321660797723,0.017403649693628044,0.62,0
2265,108.99127145397809,34.31504973942667,0.1052773801792451,-0.007713959873325865,0.83,0
5930,108.94622640893311,34.25198667636353,0.1051411398070689,-0.001117908492664925,0.97,0
3796,109.06784803055452,34.29027496465187,0.1050938315961795,0.034118751448957256,0.37,0
4429,108.97100118370786,34.27901370339059,0.1050903055093666,-0.006211362586427028,0.9,0
4647,108.8696498323567,34.27450919888608,0.1048942254496533,0.01126131380336134,0.82,0
635,108.93271289541964,34.34432901870599,0.1047489918077033,-0.01044148506185738,0.73,0
983,108.94847866118538,34.33757226194922,0.1045862783819625,-0.005870650671621937,0.84,0
1991,108.97100118370786,34.31955424393118,0.1045454371193689,-0.08906512116832604,0.03,2
2332,108.84262280532973,34.31279748717442,0.104233731403279,-0.017047015300109224,0.59,0
4305,108.99127145397809,34.28126595564285,0.104001175376236,0.03754372174801224,0.39,0
5946,108.9822624449691,34.25198667636353,0.1038769356651011,0.05263205833416503,0.16,0
4596,109.04983001253652,34.27676145113834,0.1037764707036025,-0.05450619699997283,0.12,0
78,108.93496514767187,34.36009478447177,0.1037381637790376,0.050168250234730434,0.26,0
1810,108.8561363188432,34.32180649618344,0.1035771028936873,0.008886764274433809,0.83,0
4263,108.89667685938367,34.28126595564285,0.1035412675951709,-0.08673921868637129,0.02,2
6758,108.9687489314556,34.23622091059775,0.1035051061258486,0.054706843893366865,0.2,0
2804,108.99127145397809,34.30604073041765,0.1034927635557399,0.007413577602672704,0.86,0
4329,109.04532550803204,34.28126595564285,0.1034211596686612,-0.08344949377625559,0.08,0
5807,108.94172190442865,34.25423892861579,0.1031913581949725,0.009445520871724544,0.81,0
8598,108.87865884136568,34.19568037005716,0.1028618397422361,-0.0035889435575893894,0.98,0
1047,108.82460478731174,34.33532000969697,0.1025814029501156,0.03928469043190085,0.39,0
5604,109.03631649902304,34.2587434331203,0.1024093680943542,-0.09082744682631702,0.03,2
6305,108.99127145397809,34.24522991960677,0.1022223758089131,0.06587192962188673,0.22,0
6191,108.99802821073484,34.24748217185902,0.1021862947403107,0.04809778170853935,0.36,0
2430,109.06334352605002,34.31279748717442,0.1021380391287588,0.06382044674029291,0.34,0
8315,109.00928947199608,34.20468937906618,0.1019177145894963,-0.1242415138761294,0.02,2
8424,108.85163181433872,34.20018487456167,0.101719132980167,0.051969714039849346,0.34,0
4722,109.03856875127528,34.27450919888608,0.1015756447987195,-0.08383059006299809,0.11,0
4646,108.86739758010444,34.27450919888608,0.1015257702465585,0.017836123661716895,0.86,0
1465,108.93946965217638,34.3285632529402,0.1013079078096888,-0.06760611092028086,0.27,0
8008,109.01154172424832,34.21144613582294,0.1012719642883947,-0.1455611093915609,0.03,2
8622,108.93271289541964,34.19568037005716,0.1011352476699153,0.007655215183850187,0.87,0
6590,108.84937956208648,34.23847316285,0.1007039239680477,-0.075082887990015,0.18,0
7324,108.95973992244662,34.22495964933647,0.1006905553623549,0.011733092360040194,0.87,0
5452,108.9732534359601,34.26099568537255,0.1006262887435112,0.10166028983945358,0.06,0
678,109.0295597422663,34.34432901870599,0.100610068057937,-0.060083746971715875,0.34,0
6415,108.97550568821237,34.24297766735451,0.1006008577958555,0.0914341376621925,0.14,0
3693,108.83586604857298,34.29027496465187,0.1005834479697164,-0.21618269133071372,0.02,2
1060,108.85388406659096,34.33532000969697,0.1005758561119154,-0.04105015773893373,0.44,0
7583,109.03631649902304,34.22045514483196,0.1005515602832149,-0.07095295090455846,0.34,0
267,108.94847866118538,34.35333802771501,0.1005482332984497,0.054061257183425894,0.44,0
6065,108.9822624449691,34.24973442411128,0.1004182111013238,0.07464789781841258,0.27,0
100,108.98451469722134,34.36009478447177,0.1003327434657593,-0.12037774350147792,0.09,0
4948,108.97100118370786,34.27000469438157,0.1003020071877387,0.010469790801635308,0.85,0
5439,108.94397415668088,34.26099568537255,0.1002632539371849,-0.03900025277729828,0.59,0
6691,108.817848030555,34.23622091059775,0.099995496385042,0.018246372777505092,0.8,0
5037,108.88541559812244,34.26775244212932,0.0999904497302463,0.05011232771898475,0.48,0
4935,108.94172190442865,34.27000469438157,0.0999050058442238,0.02329900799750978,0.73,0
6606,108.88541559812244,34.23847316285,0.0997663511551888,-0.05513697208218234,0.42,0
8597,108.87640658911344,34.19568037005716,0.0997254740296349,-0.006947106879051891,0.92,0
3792,109.05883902154552,34.29027496465187,0.0995903792446479,0.07520672825474183,0.27,0
5008,108.82010028280725,34.26775244212932,0.0995315623355171,-0.027624700534577273,0.71,0
905,109.03631649902304,34.33982451420148,0.0993918932493661,-0.058437912709339374,0.47,0
5964,109.02280298550956,34.25198667636353,0.0993289800310635,-0.004221147027815732,0.96,0
4966,109.01154172424832,34.27000469438157,0.0993050245931463,0.08041832620300009,0.26,0
8560,108.97100118370786,34.19793262230941,0.0992975327285441,0.0023470598797599943,0.97,0
3455,108.9169471296539,34.29477946915638,0.0991073274620942,0.04873815720718992,0.47,0
206,108.97550568821237,34.35559027996726,0.098942827544694,-0.12146879283094444,0.12,0
3604,108.94397415668088,34.29252721690412,0.0987972909575068,-0.020392311230851615,0.8,0
3054,108.93946965217638,34.30153622591314,0.098743917392393,-0.05802322925383386,0.5,0
7953,108.88766785037468,34.21144613582294,0.0987236932276518,0.012286434291559777,0.88,0
5155,108.86739758010444,34.26550018987706,0.0986166537150473,0.02859706925857971,0.69,0
6573,108.81109127379824,34.23847316285,0.0985980929276665,-0.07330746594629782,0.38,0
5894,108.8651453278522,34.25198667636353,0.0984870626904686,0.03338359292883096,0.69,0
3716,108.88766785037468,34.29027496465187,0.0984628302393929,-0.003224035176937577,0.97,0
2671,108.99802821073484,34.30829298266991,0.0984445624623405,-0.04054719819618269,0.59,0
5583,108.98901920172584,34.2587434331203,0.0983717288660736,0.0780293157842688,0.31,0
5102,109.03181199451856,34.26775244212932,0.0982566547317867,-0.06678580689845798,0.26,0
7577,109.02280298550956,34.22045514483196,0.0982507536355251,-0.021883502946005863,0.82,0
7844,108.8831633458702,34.2136983880752,0.0982280039555158,0.061867712445663844,0.43,0
4283,108.94172190442865,34.28126595564285,0.0980484362178344,0.09928082546019472,0.25,0
9,108.93946965217638,34.36459928897628,0.0979030346411897,0.09636976137940514,0.16,0
7674,108.99127145397809,34.21820289257971,0.0977566746162544,-0.047271719175758696,0.57,0
6150,108.90568586839268,34.24748217185902,0.0976532040280065,0.04736265950520805,0.61,0
5225,109.0250552377618,34.26550018987706,0.0975536996806683,-0.09240171904778138,0.31,0
2856,108.80208226478926,34.3037884781654,0.0975416677110352,-0.10381590761720748,0.24,0
6455,108.80433451704153,34.24072541510226,0.0974503941819325,-0.10416040982347963,0.28,0
3661,109.072352535059,34.29252721690412,0.0974487090093623,0.10497738009293671,0.3,0
4721,109.03631649902304,34.27450919888608,0.0972519731110732,-0.10797964167449652,0.25,0
8595,108.87190208460896,34.19568037005716,0.0972383219556334,-0.003395024727610136,0.96,0
2782,108.94172190442865,34.30604073041765,0.0971170314716738,-0.11762160501540643,0.14,0
4816,108.95973992244662,34.27225694663383,0.0971112000635792,0.12293590799049127,0.2,0
1975,108.93496514767187,34.31955424393118,0.0970130655293577,-0.007434410946253863,0.91,0
7178,108.88541559812244,34.22721190158873,0.0969598898512519,0.1614875974145679,0.08,0
4943,108.95973992244662,34.27000469438157,0.0966092686842189,0.12199663865619739,0.16,0
2579,108.79082100352802,34.30829298266991,0.0965272454999794,-0.13610459927304733,0.13,0
7251,109.04983001253652,34.22721190158873,0.0964357900323876,-0.4103966916260281,0.01,2
1420,108.83811830082524,34.3285632529402,0.0962500773259098,-0.15130074448648487,0.06,0
5490,109.05883902154552,34.26099568537255,0.0962067648965754,-0.03470580908205779,0.72,0
1051,108.83361379632072,34.33532000969697,0.096145483199762,-0.09909952448415277,0.26,0
8111,109.00703721974382,34.20919388357069,0.0961345780689345,-0.2219881298554133,0.03,2
4808,108.94172190442865,34.27225694663383,0.0960296538394233,0.10750218738306827,0.23,0
6149,108.90343361614042,34.24748217185902,0.0959551243220376,0.050629226073610784,0.67,0
6313,109.00928947199608,34.24522991960677,0.0957212798873011,0.08831057315389892,0.32,0
6400,108.94172190442865,34.24297766735451,0.0955280615860885,-0.03407917600310442,0.75,0
7176,108.88091109361794,34.22721190158873,0.0955272563520833,0.1597195811366476,0.14,0
6259,108.88766785037468,34.24522991960677,0.0955091013915222,-0.10999825717544601,0.31,0
6133,108.86739758010444,34.24748217185902,0.0954931700565036,-0.08435521182556316,0.51,0
7189,108.91019037289716,34.22721190158873,0.0954037042719781,0.10940168518733567,0.32,0
5778,108.87640658911344,34.25423892861579,0.0952178490963459,0.11224485470433852,0.26,0
1356,108.9732534359601,34.33081550519246,0.0946832147146446,-0.02582146992769979,0.82,0
5100,109.02730749001404,34.26775244212932,0.0946601000714766,-0.09088589643515768,0.33,0
5366,109.05883902154552,34.26324793762481,0.0946165825131668,-0.022482159387252953,0.83,0
1924,108.82010028280725,34.31955424393118,0.0944554213715216,-0.07028154966843833,0.55,0
2236,108.9259561386629,34.31504973942667,0.0943352940054672,0.1642489325815011,0.12,0
7220,108.98001019271685,34.22721190158873,0.0943164014759141,0.06680815692088342,0.56,0
2901,108.90343361614042,34.3037884781654,0.0941775334020646,-0.11271666480073224,0.31,0
5950,108.99127145397809,34.25198667636353,0.0941612374488071,0.115967963554282,0.34,0
1984,108.95523541794212,34.31955424393118,0.0939835699485687,-0.19267665453392704,0.09,0
6840,108.89442460713144,34.23396865834549,0.0939063735817997,-0.035453900340411494,0.76,0
4304,108.98901920172584,34.28126595564285,0.0938552723639713,0.09684619455940462,0.44,0
3550,108.8223525350595,34.29252721690412,0.0938406782070037,-0.6060280860378366,0.01,2
4732,109.06109127379776,34.27450919888608,0.0938023871788774,-0.06594340599610615,0.67,0
5912,108.90568586839268,34.25198667636353,0.0936725740879193,0.06594934026092983,0.58,0
2374,108.93721739992414,34.31279748717442,0.0935169176303872,-0.057147176726154846,0.64,0
6070,108.99352370623032,34.24973442411128,0.0934999211053617,0.12834516053584838,0.27,0
856,108.9259561386629,34.33982451420148,0.0933396686852285,-0.03872542018730022,0.8,0
5965,109.0250552377618,34.25198667636353,0.0932190205000625,-0.012186908735971613,0.94,0
5336,108.99127145397809,34.26324793762481,0.0929215393167887,0.07768843218665843,0.55,0
2021,109.03856875127528,34.31955424393118,0.09277118005301,0.19775470165887096,0.09,0
1102,108.94847866118538,34.33532000969697,0.0924841579184458,-0.029785363694799005,0.84,0
8645,108.98451469722134,34.19568037005716,0.0924799057915631,0.12934383905668867,0.26,0
434,108.9259561386629,34.3488335232105,0.0924654562917617,0.08652742589558737,0.55,0
7401,108.87865884136568,34.22270739708422,0.0924246457421733,0.20581389711302922,0.15,0
8512,108.86289307559996,34.19793262230941,0.0923850713647322,0.07842790852692061,0.52,0
2971,109.06109127379776,34.3037884781654,0.0923559988900461,0.11125410009747368,0.44,0
4284,108.94397415668088,34.28126595564285,0.0922932519815809,0.14330640916989812,0.25,0
5947,108.98451469722134,34.25198667636353,0.0922911857063179,0.1167048780585947,0.44,0
5199,108.96649667920336,34.26550018987706,0.0922783911731984,0.09768299434974705,0.45,0
5099,109.0250552377618,34.26775244212932,0.0922566822853861,-0.10777679830809446,0.42,0
4754,108.82010028280725,34.27225694663383,0.0920652277470518,-0.0552414957488464,0.64,0
5773,108.8651453278522,34.25423892861579,0.0920308778212769,0.05478977425696651,0.7,0
1050,108.83136154406849,34.33532000969697,0.0920147301047452,-0.12233849705994737,0.32,0
7330,108.9732534359601,34.22495964933647,0.0919262787031609,0.05731105264333448,0.64,0
7057,108.8696498323567,34.22946415384098,0.0918180533013887,0.05073763914252122,0.73,0
3411,108.817848030555,34.29477946915638,0.0917464687885721,-0.32193252314693116,0.02,2
4985,109.05433451704104,34.27000469438157,0.0916508870462,-0.39188456145116346,0.02,2
7505,108.86064082334772,34.22045514483196,0.0916034010376159,0.0095296042180584,0.91,0
751,108.94622640893311,34.34207676645373,0.0914341884452746,-0.2028769519982477,0.08,0
4642,108.85838857109546,34.27450919888608,0.0914178922983915,0.035448013408801056,0.79,0
8032,108.82910929181624,34.20919388357069,0.0913499173119416,0.0968085337910626,0.47,0
3518,109.05883902154552,34.29477946915638,0.091275998418874,0.03632416229952429,0.77,0
5405,108.86739758010444,34.26099568537255,0.0912682467812494,0.04195328682638985,0.74,0
6205,109.0295597422663,34.24748217185902,0.0912423652124953,0.05027250488373292,0.77,0
4200,109.05883902154552,34.2835182078951,0.0910440548574727,-0.23180218194742258,0.05,2
7578,109.0250552377618,34.22045514483196,0.0909053617722527,-0.04352864400750573,0.81,0
1354,108.9687489314556,34.33081550519246,0.0908101608774518,-0.000730391750659065,1.0,0
5445,108.95748767019435,34.26099568537255,0.0906665030044141,0.18092096269278685,0.15,0
8484,108.9867669494736,34.20018487456167,0.0906528941829766,0.14388206593319822,0.28,0
7738,108.88766785037468,34.21595064032745,0.0906496521266392,0.10660129393348837,0.38,0
1977,108.93946965217638,34.31955424393118,0.0905861713287027,-0.0038329287762006977,0.98,0
4821,108.97100118370786,34.27225694663383,0.0905717197644837,-0.0026811782328241295,0.98,0
7675,108.99352370623032,34.21820289257971,0.0904261252878025,-0.08418664042860466,0.53,0
7997,108.9867669494736,34.21144613582294,0.0904057608514894,-0.06592697505688812,0.72,0
7331,108.97550568821237,34.22495964933647,0.0902801106833867,0.17028831204655404,0.2,0
8282,108.93496514767187,34.20468937906618,0.0901752722102137,-0.06661853606513635,0.63,0
4468,109.05883902154552,34.27901370339059,0.0901475801583431,-0.37155373346844034,0.05,2
890,109.00253271523933,34.33982451420148,0.0900355621761525,-0.10436237300411971,0.45,0
3330,108.94397415668088,34.29703172140863,0.0899446039677591,-0.13054645627108016,0.48,0
4720,109.0340642467708,34.27450919888608,0.0899310649278392,-0.1798360522364561,0.19,0
7033,108.81559577830276,34.22946415384098,0.0898811305743726,0.037508421674145115,0.78,0
6072,108.99802821073484,34.24973442411128,0.0898725362236569,0.1003697386850309,0.44,0
5189,108.94397415668088,34.26550018987706,0.0898335694535927,-0.0559248726403376,0.66,0
7281,108.86289307559996,34.22495964933647,0.0895385528208602,0.020718014689375296,0.91,0
2000,108.99127145397809,34.31955424393118,0.0895292930707455,-0.019189315971766895,0.92,0
2864,108.82010028280725,34.3037884781654,0.0894815622428476,-0.27014958035743997,0.08,0
5118,109.06784803055452,34.26775244212932,0.089439292306407,-0.0032984656109773694,0.99,0
1758,109.0295597422663,34.32405874843569,0.0894111060393231,0.23353655770384427,0.07,0
6403,108.94847866118538,34.24297766735451,0.0893658501340396,0.057445245617732066,0.7,0
7952,108.88541559812244,34.21144613582294,0.0891634591162795,0.012435317760135178,0.93,0
5195,108.95748767019435,34.26550018987706,0.0891524780785305,0.18185788466873595,0.21,0
7930,108.83586604857298,34.21144613582294,0.0890185905642382,0.10655858194322602,0.47,0
7168,108.86289307559996,34.22721190158873,0.0889233151394442,0.02065998063653354,0.92,0
8430,108.8651453278522,34.20018487456167,0.0886873124226936,0.07795081466781321,0.61,0
5966,109.02730749001404,34.25198667636353,0.0885814873270282,0.025465326449365003,0.9,0
3463,108.93496514767187,34.29477946915638,0.0885724933140613,0.011135435267145787,0.93,0
8261,108.88766785037468,34.20468937906618,0.0884085388461034,0.06723062184756907,0.66,0
7696,109.04082100352754,34.21820289257971,0.0883161708199295,-0.13943524989943976,0.46,0
5614,109.05883902154552,34.2587434331203,0.0881755663609284,-0.007330869776773937,0.97,0
1685,108.8651453278522,34.32405874843569,0.088047069176302,0.03538182879816904,0.82,0
5763,108.84262280532973,34.25423892861579,0.0880396154295376,0.30884198656617673,0.08,0
6577,108.82010028280725,34.23847316285,0.0880085595674966,-0.34842805879402733,0.06,0
6608,108.88992010262692,34.23847316285,0.08796536544872,-0.12154400033624402,0.49,0
7480,108.80433451704153,34.22045514483196,0.0878737537168716,-0.21687994585696438,0.14,0
6735,108.9169471296539,34.23622091059775,0.0878350732729999,0.07453719727909461,0.67,0
747,108.93721739992414,34.34207676645373,0.0875969291480254,-0.30034002345241506,0.04,2
7290,108.8831633458702,34.22495964933647,0.0875815850265659,0.2562779074192596,0.1,0
5941,108.97100118370786,34.25198667636353,0.0875594374097154,0.19931985998256851,0.15,0
3690,108.82910929181624,34.29027496465187,0.0874741620992908,-0.5819154392342853,0.01,2
2197,108.83811830082524,34.31504973942667,0.0874593170620579,-0.08258800440030592,0.68,0
7957,108.89667685938367,34.21144613582294,0.0874051037486492,0.11148766261682386,0.47,0
5829,108.99127145397809,34.25423892861579,0.0873066252870013,0.1669867069363419,0.35,0
1788,108.80658676929376,34.32180649618344,0.0872753032507082,0.08191084681549833,0.69,0
6131,108.86289307559996,34.24748217185902,0.0871692309874402,0.12446718262806261,0.53,0
5684,108.93946965217638,34.25649118086804,0.087152952329099,0.12432566644539514,0.47,0
7943,108.8651453278522,34.21144613582294,0.0870528361790458,0.21385843875041086,0.17,0
5874,108.82010028280725,34.25198667636353,0.0870492230808007,-1.0344749432819664,0.01,2
7102,108.97100118370786,34.22946415384098,0.0869068076100656,0.23311216067415685,0.16,0
7296,108.89667685938367,34.22495964933647,0.0868201075742877,0.2372314985534042,0.17,0
4109,108.85388406659096,34.2835182078951,0.0867612983552689,-0.142670381479147,0.4,0
8206,108.98901920172584,34.20694163131843,0.0867053501342186,0.04995423488060609,0.77,0
1389,109.04757776028428,34.33081550519246,0.0866512592952388,0.2609328423174963,0.14,0
5468,109.00928947199608,34.26099568537255,0.0866044015268749,0.07097349647064394,0.64,0
6413,108.97100118370786,34.24297766735451,0.086550225234928,0.21362909453883705,0.19,0
1992,108.9732534359601,34.31955424393118,0.0865055374124229,-0.42951673157059495,0.02,2
3491,108.99802821073484,34.29477946915638,0.0864907716870582,0.03158108445902632,0.87,0
6951,108.88766785037468,34.23171640609324,0.0864734060510409,-0.03756684755703002,0.85,0
4014,108.94397415668088,34.28577046014736,0.086437706501126,0.06800540500189994,0.71,0
6030,108.90343361614042,34.24973442411128,0.0864354098845874,0.08677454968221404,0.69,0
7841,108.87640658911344,34.2136983880752,0.0862477402843626,0.1894279245145228,0.22,0
1684,108.86289307559996,34.32405874843569,0.0862256109873242,0.06681748364326437,0.76,0
6380,108.89667685938367,34.24297766735451,0.0861975703066595,0.12966610089430683,0.42,0
5935,108.95748767019435,34.25198667636353,0.0861797459326641,0.18046830328850202,0.22,0
8336,108.84937956208648,34.20243712681392,0.0861040375992749,0.18702706551350362,0.24,0
7398,108.87190208460896,34.22270739708422,0.0860269417252046,0.027687458208150797,0.86,0
1613,108.98901920172584,34.32631100068795,0.085987728597981,-0.04251331222825471,0.81,0
7912,109.03631649902304,34.2136983880752,0.0858378392072955,0.09387871984484115,0.61,0
7169,108.8651453278522,34.22721190158873,0.0858100974008004,0.036277762206324886,0.84,0
5810,108.94847866118538,34.25423892861579,0.0857785377686854,-0.06790407205551834,0.75,0
7988,108.96649667920336,34.21144613582294,0.0857722003521187,-0.0730509363427594,0.73,0
7733,108.87640658911344,34.21595064032745,0.0857439868843383,0.17942938756376958,0.21,0
4681,108.94622640893311,34.27450919888608,0.0857340674873618,0.20879246594064366,0.24,0
6535,108.98451469722134,34.24072541510226,0.0856794185566467,0.13940546985969746,0.45,0
4796,108.91469487740166,34.27225694663383,0.0856306346543168,0.20416247854772326,0.22,0
2065,108.84037055307748,34.31730199167893,0.0855065316174962,-0.11626507423171814,0.48,0
5387,108.826857039564,34.26099568537255,0.0854536025019326,-0.757530496784893,0.01,2
4846,109.02730749001404,34.27225694663383,0.0854059228896064,0.12476104917434998,0.5,0
3386,109.07010028280676,34.29703172140863,0.0853795100651193,0.1433856558805427,0.47,0
4944,108.96199217469886,34.27000469438157,0.0853043000352012,0.04397854223338498,0.78,0
4308,108.99802821073484,34.28126595564285,0.0851872142034474,0.13660274471735104,0.4,0
7058,108.87190208460896,34.22946415384098,0.0850029387684764,0.1015576994852296,0.59,0
6048,108.94397415668088,34.24973442411128,0.084999311810474,-0.03552161350206203,0.86,0
4137,108.9169471296539,34.2835182078951,0.0849763299265655,0.16280798892830323,0.39,0
4817,108.96199217469886,34.27225694663383,0.0849425197160757,0.17349020473725876,0.4,0
8464,108.94172190442865,34.20018487456167,0.0848439503234966,0.04111389026064164,0.78,0
5392,108.83811830082524,34.26099568537255,0.0848042808357696,0.332912283762639,0.06,0
3010,108.84037055307748,34.30153622591314,0.0847061947885446,-0.09771936807201227,0.57,0
3793,109.06109127379776,34.29027496465187,0.0847007812024011,0.16684930149662555,0.39,0
5972,109.04082100352754,34.25198667636353,0.0846871345653275,0.007680005336987882,0.97,0
1167,108.8223525350595,34.33306775744471,0.0846267387008611,0.06773885358065578,0.74,0
6401,108.94397415668088,34.24297766735451,0.0846206506554888,-0.07534033586511234,0.7,0
3914,109.0250552377618,34.28802271239961,0.0845468774315793,-0.19351871886476285,0.31,0
6347,108.8223525350595,34.24297766735451,0.0845134564433055,-0.37263085627581694,0.06,0
8247,108.8561363188432,34.20468937906618,0.0844892728125238,0.23941560571028894,0.19,0
2255,108.9687489314556,34.31504973942667,0.0844121481264409,-0.13361633858823546,0.52,0
3544,108.808839021546,34.29252721690412,0.0843784077543409,-0.4739844412180158,0.02,2
5503,108.808839021546,34.2587434331203,0.0843472844941829,-0.6714973218834025,0.01,2
1027,109.04757776028428,34.33757226194922,0.0843031318717885,-0.11910449479962124,0.46,0
3581,108.89217235487918,34.29252721690412,0.084233983509629,-0.06948120576210214,0.73,0
7325,108.96199217469886,34.22495964933647,0.0841825686281255,0.003941336875679172,1.0,0
6946,108.87640658911344,34.23171640609324,0.0841795348901974,0.27484339621933995,0.11,0
7070,108.89892911163592,34.22946415384098,0.0841568885307555,-0.09663505278131074,0.62,0
8246,108.85388406659096,34.20468937906618,0.0840485065655291,0.2284917715224445,0.25,0
1812,108.86064082334772,34.32180649618344,0.083916124213179,0.07018585112428431,0.74,0
3781,109.0340642467708,34.29027496465187,0.0838856431257293,-0.10892684923847448,0.69,0
1665,108.82010028280725,34.32405874843569,0.0838699471081731,-0.041041915628943666,0.77,0
8511,108.86064082334772,34.19793262230941,0.0836521147867432,0.10585844680801436,0.55,0
7931,108.83811830082524,34.21144613582294,0.0836014104554071,0.13998912628932775,0.39,0
5459,108.98901920172584,34.26099568537255,0.0835450287372501,0.1838905858165271,0.32,0
7319,108.94847866118538,34.22495964933647,0.0835305866371337,-0.5912814629502796,0.03,2
5757,108.82910929181624,34.25423892861579,0.0834876764882492,-0.7624762259356663,0.02,2
5106,109.04082100352754,34.26775244212932,0.0834573917895211,-0.38258176582425013,0.08,0
869,108.95523541794212,34.33982451420148,0.0834441406399286,-0.06424569599233473,0.78,0
5070,108.95973992244662,34.26775244212932,0.0834013338958269,0.20635250254010337,0.26,0
7477,109.04983001253652,34.22270739708422,0.0833379059996562,-0.5444545131303615,0.03,2
5063,108.94397415668088,34.26775244212932,0.0832602204359511,0.05675611837006315,0.79,0
3752,108.9687489314556,34.29027496465187,0.0832301534772203,0.29181621988012474,0.15,0
677,109.02730749001404,34.34432901870599,0.0831498570671837,-0.20192141108384726,0.28,0
7442,108.97100118370786,34.22270739708422,0.0830618340882654,0.08788864308486379,0.65,0
4261,108.89217235487918,34.28126595564285,0.0830514384658774,-0.576429751522923,0.02,2
1061,108.8561363188432,34.33532000969697,0.0829734516135748,-0.06516190531260387,0.7,0
5529,108.86739758010444,34.2587434331203,0.0828334548839901,-0.013802167083273578,0.91,0
8243,108.84712730983422,34.20468937906618,0.0827490834598832,0.20882026542814897,0.27,0
2022,109.04082100352754,34.31955424393118,0.0827318369566508,0.3010105696404466,0.11,0
6723,108.88992010262692,34.23622091059775,0.0826350411280354,-0.06219287238654721,0.77,0
4600,109.05883902154552,34.27676145113834,0.0825070194159404,-0.3927337569327273,0.03,2
154,108.99127145397809,34.35784253221952,0.0824695287381055,-0.3081903314684945,0.11,0
2414,109.02730749001404,34.31279748717442,0.0824589297656933,0.30818275577530846,0.08,0
6967,108.92370388641064,34.23171640609324,0.0824168459275022,0.24682464408796645,0.26,0
3203,108.96649667920336,34.29928397366089,0.0824088799229132,0.1455156147402304,0.48,0
7846,108.88766785037468,34.2136983880752,0.0823727864489937,0.1473454145403645,0.55,0
5435,108.93496514767187,34.26099568537255,0.0822684760936854,0.10970834541464214,0.58,0
2860,108.81109127379824,34.3037884781654,0.0822582892466238,-0.17123183775742587,0.33,0
718,108.87190208460896,34.34207676645373,0.0822292301379886,0.005377605573389794,0.97,0
6517,108.94397415668088,34.24072541510226,0.0822149031306663,-0.05314081875073191,0.84,0
80,108.93946965217638,34.36009478447177,0.0821539868155157,0.22824280663844393,0.23,0
7800,109.02730749001404,34.21595064032745,0.0821413559382205,-0.03399017629968881,0.87,0
5603,109.0340642467708,34.2587434331203,0.0820982369398055,-0.37775421373969414,0.07,0
7990,108.97100118370786,34.21144613582294,0.0820031443819579,0.0015202888826859613,1.0,0
2772,108.91919938190615,34.30604073041765,0.0818532094912514,0.30460246071032593,0.17,0
2224,108.89892911163592,34.31504973942667,0.0818414391120775,0.18947668233099757,0.34,0
1343,108.94397415668088,34.33081550519246,0.081793477919465,-0.255771852545941,0.14,0
6843,108.90118136388816,34.23396865834549,0.0817234588565137,-0.17955725019011623,0.32,0
4825,108.98001019271685,34.27225694663383,0.081719961373647,0.29214650060992703,0.13,0
6534,108.9822624449691,34.24072541510226,0.0816818836563118,0.2749915268322121,0.17,0
7977,108.94172190442865,34.21144613582294,0.0816011844618655,-0.07030228414096792,0.81,0
7107,108.9822624449691,34.22946415384098,0.0814640633456352,0.14050052026109197,0.5,0
8208,108.99352370623032,34.20694163131843,0.0814359399420457,0.06118316635635636,0.81,0
2863,108.817848030555,34.3037884781654,0.0814038401095845,-0.4169005315577644,0.04,2
4424,108.95973992244662,34.27901370339059,0.0813512575644293,0.24581101467994423,0.22,0
399,109.05433451704104,34.35108577546275,0.0813469820800706,-0.201928304369115,0.31,0
2366,108.91919938190615,34.31279748717442,0.0813000840153279,0.3089974696819986,0.12,0
5160,108.87865884136568,34.26550018987706,0.0811346770837054,-0.05135007815137847,0.74,0
5782,108.88541559812244,34.25423892861579,0.081094325859649,0.04183352512560183,0.76,0
3835,108.84712730983422,34.28802271239961,0.0809808994080257,-0.06744995508251977,0.8,0
3038,108.90343361614042,34.30153622591314,0.080967344838424,-0.2249440688885522,0.29,0
5172,108.90568586839268,34.26550018987706,0.0809085268193885,0.12682498286437255,0.46,0
8507,108.85163181433872,34.19793262230941,0.0808177596613719,0.1645179054856014,0.46,0
1971,108.9259561386629,34.31955424393118,0.080817575733965,0.2717811064004962,0.22,0
1534,108.81109127379824,34.32631100068795,0.0808161538667013,0.16391919721522202,0.45,0
5469,109.01154172424832,34.26099568537255,0.0807387237709617,0.12322146157502774,0.58,0
5758,108.83136154406849,34.25423892861579,0.080719130209265,-0.2515277566824343,0.23,0
5537,108.88541559812244,34.2587434331203,0.0805261626776178,0.1527550571567468,0.42,0
1663,108.81559577830276,34.32405874843569,0.0803904684113683,0.09279883173730318,0.68,0
7626,108.8831633458702,34.21820289257971,0.0803809009198813,0.304457428931515,0.21,0
8264,108.89442460713144,34.20468937906618,0.0803259968741324,0.18561736666023557,0.35,0
3949,108.79757776028475,34.28577046014736,0.0803059383200412,-0.07473835681019919,0.76,0
6460,108.81559577830276,34.24072541510226,0.0802504504780393,-0.5377032665808972,0.03,2
3191,108.93946965217638,34.29928397366089,0.0802372285969044,-0.22899165956309828,0.27,0
6096,109.05208226478878,34.24973442411128,0.0801721767759642,0.040802237156662174,0.87,0
926,108.82010028280725,34.33757226194922,0.0801281108247637,0.12885739810547558,0.59,0
5450,108.9687489314556,34.26099568537255,0.0800697415544487,0.16172518057028668,0.42,0
7519,108.89217235487918,34.22045514483196,0.0800594924017476,0.32862833705168737,0.08,0
6971,108.93271289541964,34.23171640609324,0.080050630961321,-0.17570489150203367,0.45,0
4248,108.86289307559996,34.28126595564285,0.0800192956290202,0.09397771869772502,0.67,0
8673,108.87640658911344,34.1934281178049,0.0800031329485087,-0.017551365007305902,0.93,0
1569,108.88992010262692,34.32631100068795,0.0798730268161336,0.175650686911783,0.44,0
744,108.9304606431674,34.34207676645373,0.0798441379681901,-0.08167616568877753,0.73,0
2253,108.96424442695113,34.31504973942667,0.0798267201046632,-0.16663549144939033,0.44,0
8630,108.95073091343762,34.19568037005716,0.0797996447430623,0.0076019685213171454,0.97,0
8544,108.93496514767187,34.19793262230941,0.0796736863618322,-0.007945026697389878,0.97,0
3719,108.89442460713144,34.29027496465187,0.0796495970472874,-0.25824200604554415,0.21,0
3988,108.88541559812244,34.28577046014736,0.0796401189926341,-0.3108465100304608,0.14,0
7602,108.82910929181624,34.21820289257971,0.0796375144203179,0.2888179622833301,0.17,0
7485,108.81559577830276,34.22045514483196,0.0795882907150213,0.06224478238278366,0.79,0
3701,108.85388406659096,34.29027496465187,0.0795867246554208,-0.13862190508073755,0.55,0
2657,108.96649667920336,34.30829298266991,0.0795862813278855,-0.13049142852947998,0.66,0
4107,108.84937956208648,34.2835182078951,0.0795834541252991,0.25558893601064514,0.23,0
7771,108.96199217469886,34.21595064032745,0.0795785033158687,-0.10217206381761872,0.67,0
4804,108.93271289541964,34.27225694663383,0.0794966903281124,0.28328836991046324,0.2,0
194,108.94847866118538,34.35559027996726,0.0794050563284883,0.19009030683036576,0.33,0
7769,108.95748767019435,34.21595064032745,0.0792938989740863,0.21597483716951113,0.34,0
7491,108.82910929181624,34.22045514483196,0.0791801501231935,0.29912152363090266,0.14,0
1029,109.05208226478878,34.33757226194922,0.0791468685736436,-0.15193763507419608,0.42,0
7472,109.03856875127528,34.22270739708422,0.079132174739265,-0.526006489938087,0.02,2
5377,108.80433451704153,34.26099568537255,0.0790152600229467,-0.26470992666559195,0.18,0
6757,108.96649667920336,34.23622091059775,0.0790068354164859,0.23367624879075627,0.2,0
5188,108.94172190442865,34.26550018987706,0.0789962030331357,-0.02264331679827898,0.92,0
6262,108.89442460713144,34.24522991960677,0.0789819420276511,0.19081024902428934,0.36,0
1620,109.00478496749156,34.32631100068795,0.0789665540213747,-0.09197862718612404,0.73,0
1921,108.8133435260505,34.31955424393118,0.078945241768515,0.07247435339951608,0.73,0
7175,108.87865884136568,34.22721190158873,0.0789224097042509,0.3506758644347477,0.07,0
683,109.04082100352754,34.34432901870599,0.0789127723906826,-0.34472074200304637,0.05,2
1373,109.01154172424832,34.33081550519246,0.0789015128551471,-0.0922827248282948,0.74,0
7309,108.9259561386629,34.22495964933647,0.078854245281423,0.21605638823822318,0.29,0
4277,108.92820839091516,34.28126595564285,0.0788465844969907,0.20648507843645625,0.33,0
7172,108.87190208460896,34.22721190158873,0.0788439661185508,0.05176512289807219,0.83,0
4286,108.94847866118538,34.28126595564285,0.078812382261087,0.288349399639499,0.16,0
7327,108.96649667920336,34.22495964933647,0.0787918854255412,0.07737899212963625,0.74,0
6829,108.8696498323567,34.23396865834549,0.078778424656703,-0.14961315871237216,0.52,0
4950,108.97550568821237,34.27000469438157,0.0787486324592475,0.09958692700868055,0.68,0
3720,108.89667685938367,34.29027496465187,0.0786871350257701,-0.13086932665760945,0.51,0
8741,108.86739758010444,34.19117586555265,0.0786705023144933,-0.09781704967689471,0.63,0
7770,108.95973992244662,34.21595064032745,0.0786675140240697,0.04474859791270153,0.85,0
4428,108.9687489314556,34.27901370339059,0.0786650944134208,0.01802332822584513,0.91,0
6179,108.97100118370786,34.24748217185902,0.0786338069433346,0.1578924513487977,0.45,0
4068,109.06559577830228,34.28577046014736,0.0786211362705145,-0.7762163596278526,0.02,2
1973,108.9304606431674,34.31955424393118,0.078564746120781,0.1403152597442477,0.48,0
7699,109.04757776028428,34.21820289257971,0.078525490114963,-0.6386144023463268,0.03,2
6956,108.89892911163592,34.23171640609324,0.0785070104926503,-0.21740937230875604,0.28,0
433,108.92370388641064,34.3488335232105,0.0782599643977176,0.3065021387928093,0.2,0
4278,108.9304606431674,34.28126595564285,0.0782412599660769,0.3770458276631548,0.08,0
6086,109.0295597422663,34.24973442411128,0.0782064759857705,-0.04904065964845425,0.78,0
7415,108.91019037289716,34.22270739708422,0.0781983666493213,0.13065888538284212,0.59,0
1448,108.90118136388816,34.3285632529402,0.0781965986905497,0.19601069123852552,0.46,0
4149,108.94397415668088,34.2835182078951,0.0781178491073501,0.2315986490825331,0.33,0
1797,108.826857039564,34.32180649618344,0.0781034967268971,-0.17023810276413862,0.48,0
1058,108.84937956208648,34.33532000969697,0.0780937237389725,-0.36020578778033474,0.13,0
2541,109.00928947199608,34.31054523492216,0.077998480906761,0.1828148125180895,0.37,0
3192,108.94172190442865,34.29928397366089,0.0779908958190108,-0.26509877151162087,0.21,0
6988,108.97100118370786,34.23171640609324,0.0779825097833808,0.30760421966762685,0.14,0
4991,109.06784803055452,34.27000469438157,0.0779787351311106,0.008594564630411694,0.97,0
8734,108.85163181433872,34.19117586555265,0.077942433415903,0.1803388082397395,0.49,0
5780,108.88091109361794,34.25423892861579,0.0778464785559934,0.11294329237285203,0.56,0
7289,108.88091109361794,34.22495964933647,0.07772523919299,0.3374077959995105,0.12,0
4555,108.95748767019435,34.27676145113834,0.0777105755577519,0.21741312822385483,0.29,0
5436,108.93721739992414,34.26099568537255,0.077565186060898,0.12924334811615174,0.66,0
992,108.9687489314556,34.33757226194922,0.0775286650855364,-0.04934006204727498,0.85,0
7174,108.87640658911344,34.22721190158873,0.0774272927342612,0.36966531569725053,0.1,0
7632,108.89667685938367,34.21820289257971,0.0773479804402704,0.262201256123031,0.2,0
4815,108.95748767019435,34.27225694663383,0.0773123115388628,0.29975458605440486,0.15,0
6407,108.95748767019435,34.24297766735451,0.0773031928203444,0.06397524343926558,0.77,0
3519,109.06109127379776,34.29477946915638,0.0772322816749179,0.05169303843924265,0.84,0
8050,108.8696498323567,34.20919388357069,0.0771979668767382,0.3199553158563377,0.2,0
4462,109.04532550803204,34.27901370339059,0.0771943466494497,-0.6342434636053979,0.01,2
3993,108.89667685938367,34.28577046014736,0.0771800130256824,-0.8968807967048671,0.01,2
5451,108.97100118370786,34.26099568537255,0.0771020506947547,0.35348328250477135,0.08,0
5134,108.82010028280725,34.26550018987706,0.0770007669510603,-0.8156833562932417,0.01,2
3469,108.94847866118538,34.29477946915638,0.0769944940325285,-0.2395617225231728,0.37,0
128,108.93271289541964,34.35784253221952,0.0768685602890118,0.20881696313033773,0.46,0
786,109.0250552377618,34.34207676645373,0.0767781241708161,0.12226085045987299,0.67,0
6614,108.90343361614042,34.23847316285,0.0767176783729704,-0.3391431554349321,0.17,0
3888,108.96649667920336,34.28802271239961,0.0767023983672477,0.28355069846636566,0.23,0
4170,108.99127145397809,34.2835182078951,0.0766864788498834,0.17163992967581804,0.39,0
36,108.93496514767187,34.36234703672403,0.0766093300899836,0.23348759247409695,0.33,0
6726,108.89667685938367,34.23622091059775,0.0764900104055408,-0.32283338959501096,0.18,0
909,109.04532550803204,34.33982451420148,0.0764514473994158,-0.29805794156754667,0.25,0
3973,108.85163181433872,34.28577046014736,0.0763342114253115,-0.11211664754649836,0.67,0
861,108.93721739992414,34.33982451420148,0.0763011477363517,-0.765674628675511,0.02,2
8342,108.86289307559996,34.20243712681392,0.0762891206696129,0.2069615684983399,0.42,0
5872,108.81559577830276,34.25198667636353,0.0761967549657558,-1.5535875075633379,0.01,2
5562,108.94172190442865,34.2587434331203,0.0760802547956707,0.0029798102660257993,1.0,0
7638,108.91019037289716,34.21820289257971,0.0760595699329038,0.1529628793668245,0.61,0
5669,108.90568586839268,34.25649118086804,0.0760221053612177,0.1031968255174195,0.72,0
5652,108.86739758010444,34.25649118086804,0.0759820135398648,-0.019258544516359753,0.98,0
3974,108.85388406659096,34.28577046014736,0.0758842964457642,-0.15995657679603856,0.54,0
7887,108.98001019271685,34.2136983880752,0.0757577387065625,-0.20851567301618396,0.45,0
1843,108.9304606431674,34.32180649618344,0.0757520576192466,0.20518460467793292,0.42,0
400,109.05658676929328,34.35108577546275,0.0757480750476156,-0.25227132618132386,0.27,0
8057,108.88541559812244,34.20919388357069,0.0756982513657068,-0.004251608818755434,0.98,0
1815,108.86739758010444,34.32180649618344,0.0756972697767146,0.03283440228371026,0.91,0
2151,109.0340642467708,34.31730199167893,0.0756451760541089,0.38014909033436234,0.12,0
3387,109.072352535059,34.29703172140863,0.0756103859171547,0.18311697180902745,0.57,0
7214,108.96649667920336,34.22721190158873,0.075544695037372,0.10538763810139147,0.7,0
5084,108.99127145397809,34.26775244212932,0.0754614631717655,0.057764836250890704,0.82,0
3972,108.84937956208648,34.28577046014736,0.0754356590186517,-0.11681797420795048,0.68,0
8245,108.85163181433872,34.20468937906618,0.0753938578674917,0.2975838397796776,0.21,0
3751,108.96649667920336,34.29027496465187,0.075280682999347,0.27422738215323833,0.25,0
4638,108.84937956208648,34.27450919888608,0.075233424015532,0.21686293430550196,0.46,0
4474,109.072352535059,34.27901370339059,0.0751672499163347,-0.7187183444536634,0.03,2
8395,108.9822624449691,34.20243712681392,0.0751216401838059,0.2515150458340596,0.29,0
866,108.94847866118538,34.33982451420148,0.0751032152750819,-0.22098494285497244,0.34,0
95,108.9732534359601,34.36009478447177,0.0749631823711439,-0.4399987573373635,0.05,2
4057,109.04082100352754,34.28577046014736,0.074913349189524,-0.4499464754701849,0.07,0
1100,108.94397415668088,34.33532000969697,0.0748064979541609,-0.6244060532535503,0.02,2
3095,109.03181199451856,34.30153622591314,0.074780654996361,0.2553577034325863,0.35,0
2018,109.03181199451856,34.31955424393118,0.0747788612088779,0.3750096715007003,0.12,0
5456,108.9822624449691,34.26099568537255,0.0747665903236392,0.2513616255057122,0.3,0
340,108.9214516341584,34.35108577546275,0.0746868041751052,0.2938992866661926,0.21,0
1459,108.9259561386629,34.3285632529402,0.0746592420081027,0.3172168649233816,0.15,0
7430,108.94397415668088,34.22270739708422,0.0746438261699441,-0.8097568474853682,0.02,2
2908,108.91919938190615,34.3037884781654,0.0746280199522264,0.35536190027884174,0.14,0
6250,108.86739758010444,34.24522991960677,0.0745722627729285,-0.4899246066928293,0.06,0
2435,109.07460478731126,34.31279748717442,0.0745491786424091,0.256400636404645,0.28,0
4735,109.06784803055452,34.27450919888608,0.0745477933369993,-0.719884478882039,0.02,2
5762,108.84037055307748,34.25423892861579,0.07453738101932,0.4510414243136967,0.09,0
3755,108.97550568821237,34.29027496465187,0.0744975331439836,0.44297793052291407,0.04,3
1889,109.0340642467708,34.32180649618344,0.074489841542502,0.37756905909330707,0.11,0
8569,108.99127145397809,34.19793262230941,0.0744118637005999,0.2360539952471543,0.31,0
6134,108.8696498323567,34.24748217185902,0.0743250237149302,-0.25161271276908015,0.35,0
7588,109.04757776028428,34.22045514483196,0.0743075435164847,-0.7334049843082752,0.02,2
7318,108.94622640893311,34.22495964933647,0.0743018008282851,-0.8183373452585948,0.02,2
3137,108.817848030555,34.29928397366089,0.0742263585797591,-0.9953812923625933,0.02,2
6459,108.8133435260505,34.24072541510226,0.0741732089651895,-0.6812145655855203,0.02,2
6054,108.95748767019435,34.24973442411128,0.074075123157098,0.11448459870348651,0.73,0
8702,108.94172190442865,34.1934281178049,0.0740527624611902,0.038127544618770826,0.87,0
6421,108.98901920172584,34.24297766735451,0.0739574337492647,0.3194859786997928,0.26,0
6311,109.00478496749156,34.24522991960677,0.0738788530733214,0.17911675547674455,0.44,0
1538,108.82010028280725,34.32631100068795,0.0738075097098221,-0.08944527894989385,0.67,0
6493,108.88992010262692,34.24072541510226,0.0737999372431753,-0.23674603575225955,0.43,0
2457,108.82010028280725,34.31054523492216,0.0737720072478142,-0.04672724526924222,0.9,0
3686,108.82010028280725,34.29027496465187,0.0737112930422906,-0.792975612570211,0.02,2
3777,109.0250552377618,34.29027496465187,0.0736552659518753,0.2777628476038102,0.2,0
7526,108.90793812064491,34.22045514483196,0.0736424455498699,0.159248721955241,0.62,0
5192,108.95073091343762,34.26550018987706,0.0736414613812952,-0.01442235738683746,0.97,0
6004,108.84487505758196,34.24973442411128,0.0735808655087684,0.406910734111674,0.07,0
4892,108.84487505758196,34.27000469438157,0.0735363148393251,0.3315641673251626,0.21,0
8446,108.90118136388816,34.20018487456167,0.073451117914019,0.07374713057340691,0.79,0
6648,108.98001019271685,34.23847316285,0.0734079105286958,0.38012989279073844,0.13,0
7029,108.80658676929376,34.22946415384098,0.0733902838683892,-0.4275434567374606,0.11,0
7177,108.8831633458702,34.22721190158873,0.0733697462416145,0.36287905749700244,0.17,0
1530,108.80208226478926,34.32631100068795,0.0733228955065206,0.19722454100001358,0.48,0
5376,108.80208226478926,34.26099568537255,0.0733205992580645,-0.3252534854601966,0.27,0
8614,108.91469487740166,34.19568037005716,0.0733113066648402,-0.027412062243634995,0.93,0
8063,108.89892911163592,34.20919388357069,0.0733042167653778,0.34006130065101325,0.18,0
5764,108.84487505758196,34.25423892861579,0.0733031692100369,0.4251724839180337,0.1,0
8582,108.84262280532973,34.19568037005716,0.0732702810916575,0.19948930769695636,0.48,0
6066,108.98451469722134,34.24973442411128,0.0732538818936556,0.2556998449470233,0.34,0
4635,108.84262280532973,34.27450919888608,0.0731415021326827,0.33724393730985786,0.19,0
4833,108.99802821073484,34.27225694663383,0.0731154414942993,-0.012824270344907997,0.92,0
5328,108.9732534359601,34.26324793762481,0.0730223888208925,0.3083690599642644,0.22,0
7648,108.93271289541964,34.21820289257971,0.0729953536024718,-0.46848931402465094,0.1,0
7395,108.8651453278522,34.22270739708422,0.0729763496476233,0.016321138538874447,0.95,0
6920,108.817848030555,34.23171640609324,0.0729701687788361,-0.015733757790002044,0.94,0
4105,108.84487505758196,34.2835182078951,0.0728113952534159,0.2996704932306162,0.32,0
6712,108.8651453278522,34.23622091059775,0.0727590384133747,-0.5893259435186975,0.06,0
6850,108.9169471296539,34.23396865834549,0.0726931812729008,0.24305711813356395,0.38,0
1905,109.07010028280676,34.32180649618344,0.0726870230389962,0.2356511827541094,0.36,0
4670,108.9214516341584,34.27450919888608,0.0726682579186954,0.17696561964861995,0.53,0
787,109.02730749001404,34.34207676645373,0.0726317496737986,-0.30340259221365784,0.23,0
8700,108.93721739992414,34.1934281178049,0.0725787534689788,0.03673436232457754,0.95,0
6148,108.90118136388816,34.24748217185902,0.0725754453816911,0.09018889150860653,0.74,0
3999,108.91019037289716,34.28577046014736,0.0725753392105279,-0.1969500434370802,0.39,0
5116,109.06334352605002,34.26775244212932,0.0725525288917128,-0.04015739131101316,0.91,0
4701,108.99127145397809,34.27450919888608,0.0725486950027413,0.008299337686180344,0.99,0
7820,108.82910929181624,34.2136983880752,0.0725278000432862,0.16754353377731215,0.49,0
3362,109.0160462287528,34.29703172140863,0.0724371241489965,0.2623222036507677,0.26,0
3854,108.88992010262692,34.28802271239961,0.072394966691599,-0.34834330505835526,0.14,0
3389,109.0768570395635,34.29703172140863,0.0723176796471268,0.2709876255710257,0.3,0
555,108.9822624449691,34.34658127095824,0.0723050635901593,-0.47290551014038545,0.05,2
4430,108.9732534359601,34.27901370339059,0.0722950428090997,0.18840823667287115,0.53,0
7927,108.82910929181624,34.21144613582294,0.0722804617456404,0.15916560755148632,0.56,0
263,108.93946965217638,34.35333802771501,0.0722184725995285,0.2766715643004038,0.33,0
3708,108.8696498323567,34.29027496465187,0.0721804625810961,-0.40862424358373317,0.15,0
6472,108.84262280532973,34.24072541510226,0.0721656547378562,0.42001022348937794,0.14,0
4981,109.04532550803204,34.27000469438157,0.0721574845470797,-0.45531453819180273,0.05,2
7311,108.9304606431674,34.22495964933647,0.0721454133631375,-0.0735632880625837,0.81,0
1339,108.93496514767187,34.33081550519246,0.0720903620133123,-0.24156196798064497,0.34,0
8421,108.84487505758196,34.20018487456167,0.0720838989600932,0.29288955218152485,0.25,0
8343,108.8651453278522,34.20243712681392,0.0720716045252837,0.10589409865933609,0.7,0
7746,108.90568586839268,34.21595064032745,0.0720023465947088,0.40255055516823945,0.1,0
7407,108.89217235487918,34.22270739708422,0.0719203430526029,0.35771012225507265,0.14,0
3683,108.8133435260505,34.29027496465187,0.071918448451394,-0.327633231522757,0.18,0
8355,108.89217235487918,34.20243712681392,0.0719042479523667,-0.15724588504007636,0.56,0
2281,109.02730749001404,34.31504973942667,0.0718993835879687,0.4468125956112464,0.06,0
6456,108.80658676929376,34.24072541510226,0.0718943456057308,-0.37573589726462064,0.15,0
3950,108.79983001253702,34.28577046014736,0.07183879929445,-0.06472135682733406,0.82,0
1849,108.94397415668088,34.32180649618344,0.071824406536851,-0.25346824290073977,0.44,0
4423,108.95748767019435,34.27901370339059,0.0718055788879054,0.308902294366043,0.23,0
5326,108.9687489314556,34.26324793762481,0.0717887721945055,0.16374935291430406,0.52,0
8018,109.0340642467708,34.21144613582294,0.0717799887595272,0.1204367503095001,0.71,0
1371,109.00703721974382,34.33081550519246,0.0717722240723562,-0.12841067551294663,0.65,0
4148,108.94172190442865,34.2835182078951,0.0717581278649956,0.28071775731976617,0.38,0
1786,108.80208226478926,34.32180649618344,0.0717267141086779,0.10686010985795473,0.71,0
8290,108.95298316568989,34.20468937906618,0.0717231464763901,-0.07288038600691968,0.81,0
4335,109.05883902154552,34.28126595564285,0.0716458712277312,-0.7631815551029096,0.03,2
3583,108.89667685938367,34.29252721690412,0.0716200534927773,-0.3065460590835133,0.25,0
4302,108.98451469722134,34.28126595564285,0.0715969493672198,0.2651222876661452,0.38,0
5203,108.97550568821237,34.26550018987706,0.0715947850816247,0.3644971750289172,0.21,0
7581,109.03181199451856,34.22045514483196,0.0715770894170239,-0.5490454946617964,0.04,2
4951,108.9777579404646,34.27000469438157,0.0715552457892322,0.1078900362137918,0.63,0
2149,109.0295597422663,34.31730199167893,0.0715072878498314,0.40401560230407557,0.19,0
8110,109.00478496749156,34.20919388357069,0.0714094618292108,-0.6810010036400277,0.04,2
5765,108.84712730983422,34.25423892861579,0.0713984071528759,0.38087818239935783,0.17,0
1495,109.00703721974382,34.3285632529402,0.0713930870213479,-0.130487107475598,0.69,0
8561,108.9732534359601,34.19793262230941,0.0713841300761697,-0.11779715395726928,0.68,0
1477,108.96649667920336,34.3285632529402,0.0713449505840653,-0.47161017548962186,0.08,0
8165,108.89667685938367,34.20694163131843,0.071221207660503,0.22429962972619352,0.47,0
6830,108.87190208460896,34.23396865834549,0.0712027024408596,0.04415329415431134,0.9,0
2244,108.94397415668088,34.31504973942667,0.0711807475842343,-0.2553105177345981,0.36,0
743,108.92820839091516,34.34207676645373,0.0711771692229898,-0.15746276945210033,0.55,0
4952,108.98001019271685,34.27000469438157,0.0711178131852222,0.3794734156681856,0.13,0
2937,108.98451469722134,34.3037884781654,0.0711150426973212,-0.2635355930255863,0.22,0
6430,109.00928947199608,34.24297766735451,0.0710972765709578,0.1932982571959884,0.43,0
3921,109.04082100352754,34.28802271239961,0.0710954241905196,-0.5074806667884678,0.04,2
430,108.9169471296539,34.3488335232105,0.0709906985222259,0.3563479376317781,0.23,0
7517,108.88766785037468,34.22045514483196,0.0709076663201448,0.3681705280957719,0.21,0
8308,108.99352370623032,34.20468937906618,0.0707663533739054,0.0524965589222615,0.9,0
6759,108.97100118370786,34.23622091059775,0.0706633009563901,0.33692025246197715,0.2,0
5936,108.95973992244662,34.25198667636353,0.0706442692062553,0.3045129270150377,0.23,0
5409,108.87640658911344,34.26099568537255,0.0705583902488405,0.09612691942644473,0.73,0
1052,108.83586604857298,34.33532000969697,0.0705460248424534,-0.33628145004534654,0.28,0
2935,108.98001019271685,34.3037884781654,0.0704250982191704,-0.2204611011061359,0.44,0
7565,108.99577595848258,34.22045514483196,0.0704225770045558,-0.3822288903421788,0.18,0
7493,108.83361379632072,34.22045514483196,0.0704190183173068,0.35798667978167775,0.26,0
8429,108.86289307559996,34.20018487456167,0.0703969934744429,0.13160963764519015,0.72,0
7766,108.95073091343762,34.21595064032745,0.0703341961840137,-0.04161086878115179,0.91,0
2411,109.02055073325732,34.31279748717442,0.0703107687973487,0.40383657281883106,0.1,0
3685,108.817848030555,34.29027496465187,0.0702161066917229,-0.3663981891374232,0.2,0
4264,108.89892911163592,34.28126595564285,0.0702088477335635,-0.6915679125969645,0.05,2
6713,108.86739758010444,34.23622091059775,0.0701288483540696,-0.6370554272732655,0.04,2
6872,108.96649667920336,34.23396865834549,0.0701054009707699,0.38066329133441373,0.16,0
6852,108.9214516341584,34.23396865834549,0.0700870788444689,0.18127914448312868,0.53,0
3460,108.92820839091516,34.29477946915638,0.0700606273586036,0.17794532593457754,0.48,0
7204,108.94397415668088,34.22721190158873,0.0700326755997932,-0.8320798451640448,0.03,2
7785,108.99352370623032,34.21595064032745,0.0700264548674407,-0.16470503261605762,0.56,0
7056,108.86739758010444,34.22946415384098,0.069964224725228,0.02759855400267113,0.93,0
