candidate_id,osm_id,lng,lat
1358,way/1512649918,109.0547797,34.2716938
1765,way/1265926322,108.8966548,34.2877655
585,way/1004434949,108.8890067,34.2341042
531,way/1414508879,109.0371736,34.2229922
1874,way/1372721596,108.9458273,34.3289995
1204,way/1409622022,108.9808868,34.3173951
953,way/1292667757,108.955765,34.378527
1936,way/1370886578,109.010553,34.2118049
1443,way/1263649480,108.9730443,34.2748939
649,way/982013423,109.040813,34.3455757
1945,way/1412825958,108.926346,34.2170123
447,way/1270261559,109.0211538,34.2577222
56,way/1292496447,108.8621517,34.2826583
860,way/1369193926,108.9776006,34.2311185
1139,way/1409920212,108.9817795,34.3454226
1482,way/1371870101,108.9279492,34.2999564
1805,way/1414717388,108.8716836,34.251806
1705,relation/16803996,109.0114724,34.3193671
1561,way/965705235,109.046959,34.2987686
191,way/1417904013,108.8811111,34.2055224
