rank,candidate_id,osm_id,lng,lat,building,name,dist_to_nearest_existing_m
1,122,way/1512649740,109.053769,34.2687907,yes,,557.3710969163635
2,1285,way/1004434946,108.8888999,34.2338113,residential,高科花园二三期-22号楼,589.615807155264
3,906,way/1414508843,109.0372496,34.2238479,yes,,687.0446465173479
4,647,way/1265925700,108.8973371,34.2877422,yes,,601.0970115185025
5,553,way/1465146230,108.9521906,34.2674247,yes,,553.9925506143427
6,1050,way/1370886608,109.0089765,34.2115033,yes,,570.125856834204
7,604,way/1372721566,108.9461918,34.3296207,yes,,509.63972832032266
8,1868,way/1369193991,108.9727636,34.2282287,yes,,511.0146902873798
9,1779,way/1265322431,108.9959663,34.2622992,yes,,501.5026073763593
10,600,way/1409622130,108.9845171,34.3158781,yes,,563.0471970909784
11,502,way/969143242,108.8882318,34.2096609,yes,,590.2586523838543
12,846,way/1270262380,109.0245751,34.2481388,yes,,539.2836350763852
13,1890,way/692999270,109.0423879,34.3465201,transportation,务庄,667.6730181740685
14,441,way/1263894240,108.8866087,34.2548132,yes,,519.2344445359113
15,1829,way/1371870227,108.9278323,34.2987261,yes,,537.4037370039116
16,156,way/1370698994,108.9423087,34.1983451,yes,,536.0934978952066
17,1887,way/1292498484,108.8627546,34.2823257,yes,,568.834708446367
18,740,way/1409920285,108.9804086,34.3440679,yes,,882.7785775978615
19,366,way/1418364492,108.9276282,34.3574432,yes,,586.4372359556285
20,1943,way/1370070752,108.9847636,34.2042625,yes,,579.012304110184
